--
-- PostgreSQL database dump
--

-- Dumped from database version 14.3
-- Dumped by pg_dump version 14.3

SET statement_timeout = 0;
SET lock_timeout = 0;
SET idle_in_transaction_session_timeout = 0;
SET client_encoding = 'UTF8';
SET standard_conforming_strings = on;
SELECT pg_catalog.set_config('search_path', '', false);
SET check_function_bodies = false;
SET xmloption = content;
SET client_min_messages = warning;
SET row_security = off;

SET default_tablespace = '';

SET default_table_access_method = heap;

--
-- Name: customers; Type: TABLE; Schema: public; Owner: postgres
--

CREATE TABLE public.customers (
    customer_id integer NOT NULL,
    first_name character varying(30),
    last_name character varying(30)
);


ALTER TABLE public.customers OWNER TO postgres;

--
-- Name: customers_customer_id_seq; Type: SEQUENCE; Schema: public; Owner: postgres
--

ALTER TABLE public.customers ALTER COLUMN customer_id ADD GENERATED BY DEFAULT AS IDENTITY (
    SEQUENCE NAME public.customers_customer_id_seq
    START WITH 1
    INCREMENT BY 1
    NO MINVALUE
    NO MAXVALUE
    CACHE 1
);


--
-- Name: products; Type: TABLE; Schema: public; Owner: postgres
--

CREATE TABLE public.products (
    product_id integer NOT NULL,
    product_name character varying(50),
    product_price integer
);


ALTER TABLE public.products OWNER TO postgres;

--
-- Name: products_product_id_seq; Type: SEQUENCE; Schema: public; Owner: postgres
--

ALTER TABLE public.products ALTER COLUMN product_id ADD GENERATED BY DEFAULT AS IDENTITY (
    SEQUENCE NAME public.products_product_id_seq
    START WITH 1
    INCREMENT BY 1
    NO MINVALUE
    NO MAXVALUE
    CACHE 1
);


--
-- Name: purchases; Type: TABLE; Schema: public; Owner: postgres
--

CREATE TABLE public.purchases (
    purchase_id integer NOT NULL,
    customer_id integer,
    product_id integer,
    purchase_date date
);


ALTER TABLE public.purchases OWNER TO postgres;

--
-- Name: purchases_purchase_id_seq; Type: SEQUENCE; Schema: public; Owner: postgres
--

ALTER TABLE public.purchases ALTER COLUMN purchase_id ADD GENERATED BY DEFAULT AS IDENTITY (
    SEQUENCE NAME public.purchases_purchase_id_seq
    START WITH 1
    INCREMENT BY 1
    NO MINVALUE
    NO MAXVALUE
    CACHE 1
);


--
-- Data for Name: customers; Type: TABLE DATA; Schema: public; Owner: postgres
--

COPY public.customers (customer_id, first_name, last_name) FROM stdin;
1	Петр	Петров
2	Иван	Иванов
3	Николай	Сидоров
4	Владимир	Сидоров
\.


--
-- Data for Name: products; Type: TABLE DATA; Schema: public; Owner: postgres
--

COPY public.products (product_id, product_name, product_price) FROM stdin;
1	Хлеб	30
2	Сыр	150
3	Молоко	80
4	Минеральная вода	65
\.


--
-- Data for Name: purchases; Type: TABLE DATA; Schema: public; Owner: postgres
--

COPY public.purchases (purchase_id, customer_id, product_id, purchase_date) FROM stdin;
1	1	2	2021-05-10
2	1	1	2021-05-12
3	1	3	2021-05-16
4	1	4	2021-05-16
5	2	1	2021-05-16
6	2	1	2021-05-17
7	2	3	2021-05-17
8	2	4	2021-05-18
9	2	2	2021-05-18
10	3	3	2021-05-25
11	3	4	2021-05-16
12	4	1	2021-05-16
13	4	2	2021-05-16
14	4	2	2021-06-10
15	4	3	2021-06-11
16	4	4	2021-06-12
17	4	4	2021-06-12
18	1	1	2021-05-11
19	1	1	2021-05-12
20	1	1	2021-05-13
21	1	2	2021-05-11
22	1	2	2021-05-12
23	1	2	2021-05-13
24	1	2	2021-05-20
25	2	2	2021-05-11
26	2	2	2021-05-12
27	2	2	2021-05-15
28	2	1	2021-05-11
29	2	1	2021-05-12
30	2	1	2021-05-21
31	2	1	2021-05-23
32	1	3	2021-05-15
33	1	3	2021-05-15
34	2	3	2021-05-15
35	2	3	2021-05-15
36	3	3	2021-05-15
37	3	3	2021-05-15
38	3	3	2021-05-15
39	4	3	2021-05-15
40	4	3	2021-05-15
41	4	3	2021-05-15
42	4	3	2021-05-15
43	1	4	2021-05-20
44	1	4	2021-05-20
45	1	4	2021-05-20
46	2	4	2021-05-20
47	2	4	2021-05-20
48	2	4	2021-05-20
49	2	4	2021-05-20
50	2	4	2021-05-20
51	3	4	2021-05-25
52	3	4	2021-05-25
53	3	4	2021-05-25
54	3	4	2021-05-25
55	4	4	2021-05-22
56	4	4	2021-05-22
57	4	4	2021-05-22
58	4	4	2021-05-22
59	4	4	2021-05-22
\.


--
-- Name: customers_customer_id_seq; Type: SEQUENCE SET; Schema: public; Owner: postgres
--

SELECT pg_catalog.setval('public.customers_customer_id_seq', 4, true);


--
-- Name: products_product_id_seq; Type: SEQUENCE SET; Schema: public; Owner: postgres
--

SELECT pg_catalog.setval('public.products_product_id_seq', 4, true);


--
-- Name: purchases_purchase_id_seq; Type: SEQUENCE SET; Schema: public; Owner: postgres
--

SELECT pg_catalog.setval('public.purchases_purchase_id_seq', 59, true);


--
-- Name: customers customers_pk; Type: CONSTRAINT; Schema: public; Owner: postgres
--

ALTER TABLE ONLY public.customers
    ADD CONSTRAINT customers_pk PRIMARY KEY (customer_id);


--
-- Name: products products_pk; Type: CONSTRAINT; Schema: public; Owner: postgres
--

ALTER TABLE ONLY public.products
    ADD CONSTRAINT products_pk PRIMARY KEY (product_id);


--
-- Name: purchases purchases_pk; Type: CONSTRAINT; Schema: public; Owner: postgres
--

ALTER TABLE ONLY public.purchases
    ADD CONSTRAINT purchases_pk PRIMARY KEY (purchase_id);


--
-- Name: purchases purchases_ref_cust_fk; Type: FK CONSTRAINT; Schema: public; Owner: postgres
--

ALTER TABLE ONLY public.purchases
    ADD CONSTRAINT purchases_ref_cust_fk FOREIGN KEY (customer_id) REFERENCES public.customers(customer_id) NOT VALID;


--
-- Name: purchases purchases_ref_prod_fk; Type: FK CONSTRAINT; Schema: public; Owner: postgres
--

ALTER TABLE ONLY public.purchases
    ADD CONSTRAINT purchases_ref_prod_fk FOREIGN KEY (product_id) REFERENCES public.products(product_id) NOT VALID;


--
-- PostgreSQL database dump complete
--

